[
  {
    "id": "rule_lethal5",
    "title": "Lethal 5+ (summary)",
    "season": "Octarius",
    "tags": [
      "critical",
      "ranged",
      "melee"
    ],
    "abbr": "L5+",
    "body": "Critical hits are scored on unmodified 5+ for this weapon profile. Applies when specified by the profile."
  },
  {
    "id": "rule_stun",
    "title": "Stun (summary)",
    "season": "Octarius",
    "tags": [
      "debuff",
      "melee"
    ],
    "abbr": "STN",
    "body": "On a critical hit, subtract 1 from the target's APL (to a minimum of 1)."
  },
  {
    "id": "rule_conceal",
    "title": "Conceal/Engage (summary)",
    "season": "Octarius",
    "tags": [
      "order",
      "visibility"
    ],
    "abbr": "C/E",
    "body": "Operatives have an Order: Conceal limits visibility/targeting; Engage allows shooting/fighting."
  }
]