[
  {
    "id": "unit_intercessor_gunner",
    "name": "Intercession Gunner",
    "season": "Octarius",
    "keywords": [
      "Astartes",
      "Intercession",
      "Gunner"
    ],
    "abbr": "IC-G",
    "summary": "Statline: M6\" WS3+ BS3+ A3 W14 Sv3+. Weapon examples: Bolt rifle (4/5, Lethal 5+), Pistol, Grenade."
  },
  {
    "id": "unit_assault_intercessor",
    "name": "Assault Intercession",
    "season": "Octarius",
    "keywords": [
      "Astartes",
      "Intercession",
      "Assault"
    ],
    "abbr": "AIC",
    "summary": "Statline: M6\" WS3+ BS3+ A4 W14 Sv3+. Chainsword: 4/5, Balanced. Pistol sidearm."
  }
]